question,answer,reference,categoria,confianca,explicacao
Which magazine was started first Arthur's Magazine or First for Women?,yes,First for Women was started first.,FACTUAL_ERROR,1.0,"The answer ""yes"" does not provide a clear comparison between the two magazines and does not specify which one was started first, contradicting the reference that clearly states First for Women was started first."
Which magazine was started first Arthur's Magazine or First for Women?,yes,First for Women was started first.,FACTUAL_ERROR,1.0,"The answer ""yes"" does not provide a clear comparison between the two magazines and does not align with the reference that states First for Women was started first."
Which magazine was started first Arthur's Magazine or First for Women?,yes,First for Women was started first.,FACTUAL_ERROR,1.0,"The answer ""yes"" does not provide a clear comparison between the two magazines and does not align with the reference that states First for Women was started first."
Which magazine was started first Arthur's Magazine or First for Women?,yes,First for Women was started first.,FACTUAL_ERROR,1.0,"The answer ""yes"" does not provide a clear comparison between the two magazines and does not align with the reference that states First for Women was started first."
Which magazine was started first Arthur's Magazine or First for Women?,yes,First for Women was started first.,FACTUAL_ERROR,1.0,"The answer ""yes"" does not provide a clear comparison between the two magazines and does not align with the reference that states First for Women was started first."
Which magazine was started first Arthur's Magazine or First for Women?,yes,First for Women was started first.,FACTUAL_ERROR,1.0,"The answer ""yes"" does not provide a clear comparison between the two magazines and does not align with the reference that states First for Women was started first."
Which magazine was started first Arthur's Magazine or First for Women?,yes,First for Women was started first.,FACTUAL_ERROR,1.0,"The answer ""yes"" does not provide a clear comparison between the two magazines and does not align with the reference that states First for Women was started first."
Which magazine was started first Arthur's Magazine or First for Women?,yes,First for Women was started first.,FACTUAL_ERROR,1.0,"The answer ""yes"" does not provide a clear comparison between the two magazines and does not align with the reference that states First for Women was started first."
Which magazine was started first Arthur's Magazine or First for Women?,yes,First for Women was started first.,FACTUAL_ERROR,1.0,"The answer ""yes"" does not provide a clear comparison between the two magazines and does not align with the reference that states First for Women was started first."
Which magazine was started first Arthur's Magazine or First for Women?,yes,First for Women was started first.,FACTUAL_ERROR,1.0,"The answer ""yes"" does not provide a clear comparison between the two magazines and does not align with the reference that states First for Women was started first."
Which magazine was started first Arthur's Magazine or First for Women?,yes,First for Women was started first.,FACTUAL_ERROR,1.0,"The answer ""yes"" does not provide a clear comparison between the two magazines and does not align with the reference that states First for Women was started first."
Which magazine was started first Arthur's Magazine or First for Women?,yes,First for Women was started first.,FACTUAL_ERROR,1.0,"The answer ""yes"" does not provide a clear comparison between the two magazines and does not align with the reference that states First for Women was started first."
Which magazine was started first Arthur's Magazine or First for Women?,yes,First for Women was started first.,FACTUAL_ERROR,1.0,"The answer ""yes"" does not provide any information about which magazine was started first and does not align with the reference that First for Women was started first."
Which magazine was started first Arthur's Magazine or First for Women?,yes,First for Women was started first.,FACTUAL_ERROR,1.0,"The answer ""yes"" does not provide a clear comparison between the two magazines and does not align with the reference that states First for Women was started first."
Which magazine was started first Arthur's Magazine or First for Women?,yes,First for Women was started first.,FACTUAL_ERROR,1.0,"The answer ""yes"" does not provide a clear comparison between the two magazines and does not align with the reference that states First for Women was started first."
Which magazine was started first Arthur's Magazine or First for Women?,yes,First for Women was started first.,FACTUAL_ERROR,1.0,"The answer ""yes"" does not provide a clear comparison between the two magazines and does not align with the reference that states First for Women was started first."
Which magazine was started first Arthur's Magazine or First for Women?,yes,First for Women was started first.,FACTUAL_ERROR,1.0,"The answer ""yes"" does not provide a clear comparison between the two magazines and does not align with the reference that states First for Women was started first."
Which magazine was started first Arthur's Magazine or First for Women?,yes,First for Women was started first.,FACTUAL_ERROR,1.0,"The answer ""yes"" does not provide a clear comparison between the two magazines and does not align with the reference that states First for Women was started first."
Which magazine was started first Arthur's Magazine or First for Women?,yes,First for Women was started first.,FACTUAL_ERROR,1.0,"The answer ""yes"" does not provide a clear comparison between the two magazines and does not align with the reference that states First for Women was started first."
Which magazine was started first Arthur's Magazine or First for Women?,yes,First for Women was started first.,FACTUAL_ERROR,1.0,"The answer ""yes"" does not provide a clear comparison between the two magazines and does not align with the reference that states First for Women was started first."
